timestamp,top1,top2,top3,top4,top5
1627416000,Access denied
1627617600,Access denied
1626998400,Access denied
1627042201,system_core,docker_network
1626840600,docker_network,docker_cpu,system_cpu,system_diskio
1626480600,File not found
1626135000,system_diskio,system_core,docker_cpu,system_cpu
1625861401,docker_memory,system_diskio,system_core
1627085400,system_diskio,docker_diskio,docker_memory,system_core,docker_cpu
1626887400,system_diskio,docker_cpu,system_core
1626322200,File not found
1626120600,system_load,docker_cpu,system_process,docker_memory,system_diskio
1626927000,docker_diskio,system_diskio,docker_memory,system_core,docker_network
1626898200,system_diskio,system_core,docker_cpu,docker_memory
1625904600,docker_diskio,system_diskio,system_core,docker_network,docker_cpu
1625764200,system_diskio,docker_cpu,system_cpu,system_core
1626768600,system_diskio
1625677800,system_diskio,docker_cpu,system_cpu,docker_memory
1627492200
1625746200,docker_memory,system_core,system_diskio
1627060200,system_diskio,system_core,docker_network,system_cpu
1627186200,docker_network,system_diskio,system_core
1626811800,system_core,system_diskio,docker_cpu,docker_memory
1627459801,system_diskio,system_cpu,docker_memory
1626519245
1625670647,docker_network,system_diskio,docker_memory
1626904756,system_diskio,docker_memory,system_core,docker_network,docker_cpu
1626488430,docker_cpu,docker_memory
1626560656,system_cpu,docker_cpu,system_core,system_diskio,docker_memory
1626075716,docker_diskio,system_core,system_process
1626477488,docker_cpu,docker_memory,docker_network
1625787405,docker_cpu,system_core
1626400348,docker_network,docker_memory
1626144059,Access denied
1626430795
1625838358,docker_diskio,system_core,system_diskio,docker_cpu,system_process
1626082667,system_diskio,docker_network,docker_cpu,system_cpu
1626907191,system_diskio,system_cpu,system_core,docker_memory,system_entropy
1626429952,docker_cpu,docker_memory
1625777248,system_diskio,docker_cpu,docker_memory,system_core
1625648011,system_core,docker_network,docker_cpu,system_diskio,system_cpu
1625674299,system_diskio,docker_network,system_load,docker_cpu,docker_memory
1625727495,system_core,system_diskio,docker_cpu,system_cpu
1626110237,system_diskio,system_core,system_cpu
1625959916,docker_diskio,system_core,system_diskio
1626573515,system_diskio,docker_memory,docker_network,system_core,system_cpu
1625921567,docker_memory,system_cpu,docker_cpu,system_diskio
1625701766,docker_memory,docker_diskio,docker_cpu,system_cpu,system_core
1626027847,docker_memory,system_core,docker_network
1626798369,system_diskio,docker_memory,system_core
1626352661,system_core,docker_cpu,system_memory,docker_memory
1625779008,system_diskio,docker_cpu,docker_memory,system_core
1626372208,docker_memory,docker_network,docker_cpu
1626138685,docker_memory,docker_cpu,system_diskio,system_cpu,system_core
1625857276,docker_memory,system_diskio,docker_diskio,docker_cpu,system_cpu
1626283771,docker_memory,system_core,docker_network,system_diskio,docker_cpu
1627671393,system_diskio,docker_memory,system_core,docker_cpu,system_cpu
1627156901,docker_memory,system_core,docker_cpu,system_diskio,system_cpu
1627694033,docker_diskio,system_diskio,docker_memory,system_core,docker_network
1627428936,docker_memory,docker_network
1625600846,docker_memory,docker_diskio,docker_cpu,docker_network,system_diskio
